<?xml version="1.0" encoding="UTF-8"?>
<faces-config version="2.2" xmlns="http://xmlns.jcp.org/xml/ns/javaee"
              xmlns:xsi="http://www.w3.org/2001/XMLSchema-instance"
              xsi:schemaLocation="http://xmlns.jcp.org/xml/ns/javaee http://xmlns.jcp.org/xml/ns/javaee/web-facesconfig_2_2.xsd">
    <managed-bean>
<managed-bean-name>connexionBean</managed-bean-name>
<managed-bean-class>momo.models.ConnexionBean</managed-bean-class>
<managed-bean-scope>session</managed-bean-scope>
</managed-bean>
    <navigation-rule>
        <from-view-id>login.xhtml</from-view-id>
        <navigation-case>
            <from-outcome>success</from-outcome>
            <to-view-id>Bienvenu.xhtml</to-view-id> <!-- Remplacez welcome.xhtml par votre page de succès -->
        </navigation-case>
        
        
    </navigation-rule>
</faces-config>
